{"cameraMode":{"drawMode":0,"name":"Shaded","section":"Shading Mode"},"sceneLighting":false,"audioPlay":false,"sceneViewState":{"showFog":true,"showMaterialUpdate":false,"showSkybox":true,"showFlares":true,"showImageEffects":true,"showParticleSystems":true},"in2DMode":false,"pivot":{"x":128.0443115234375,"y":-2.0565223693847658,"z":17.027870178222658},"rotation":{"x":-0.031339824199676517,"y":-0.9397119879722595,"z":0.06782554090023041,"w":-0.3377600908279419},"size":29.196666717529298,"orthographic":false}