{"cameraMode":{"drawMode":0,"name":"Shaded","section":"Shading Mode"},"sceneLighting":true,"audioPlay":false,"sceneViewState":{"showFog":true,"showMaterialUpdate":false,"showSkybox":true,"showFlares":true,"showImageEffects":true,"showParticleSystems":true},"in2DMode":false,"pivot":{"x":106.09902954101563,"y":-0.6633197665214539,"z":52.45960998535156},"rotation":{"x":0.23496654629707337,"y":0.6070225238800049,"z":-0.19928301870822907,"w":0.7336999773979187},"size":10.0,"orthographic":false}