{"cameraMode":{"drawMode":0,"name":"Shaded","section":"Shading Mode"},"sceneLighting":false,"audioPlay":false,"sceneViewState":{"showFog":true,"showMaterialUpdate":false,"showSkybox":true,"showFlares":true,"showImageEffects":true,"showParticleSystems":true},"in2DMode":false,"pivot":{"x":63.14288330078125,"y":3.2997207641601564,"z":-7.731380462646484},"rotation":{"x":-0.028300868347287179,"y":-0.4822874069213867,"z":0.014564111828804016,"w":-0.8758338093757629},"size":32.209346771240237,"orthographic":false}