{"cameraMode":{"drawMode":0,"name":"Shaded","section":"Shading Mode"},"sceneLighting":false,"audioPlay":false,"sceneViewState":{"showFog":true,"showMaterialUpdate":false,"showSkybox":true,"showFlares":true,"showImageEffects":true,"showParticleSystems":true},"in2DMode":false,"pivot":{"x":23.475204467773439,"y":91.16236114501953,"z":142.13999938964845},"rotation":{"x":0.12026114761829376,"y":0.8525788187980652,"z":-0.23282289505004884,"w":0.4540271461009979},"size":1.2247449159622193,"orthographic":false}