{"cameraMode":{"drawMode":0,"name":"Shaded","section":"Shading Mode"},"sceneLighting":false,"audioPlay":false,"sceneViewState":{"showFog":true,"showMaterialUpdate":false,"showSkybox":true,"showFlares":true,"showImageEffects":true,"showParticleSystems":true},"in2DMode":false,"pivot":{"x":39.695343017578128,"y":10.50843620300293,"z":-5.964529037475586},"rotation":{"x":-0.09140276908874512,"y":0.9071510434150696,"z":-0.2622286081314087,"w":-0.3161923885345459},"size":0.8660253882408142,"orthographic":false}