{"cameraMode":{"drawMode":0,"name":"Shaded","section":"Shading Mode"},"sceneLighting":false,"audioPlay":false,"sceneViewState":{"showFog":true,"showMaterialUpdate":false,"showSkybox":true,"showFlares":true,"showImageEffects":true,"showParticleSystems":true},"in2DMode":false,"pivot":{"x":102.8021011352539,"y":36.345279693603519,"z":-56.02058410644531},"rotation":{"x":0.12184327095746994,"y":0.06609988957643509,"z":-0.008465072140097618,"w":0.9906575083732605},"size":8.7098388671875,"orthographic":false}