{"cameraMode":{"drawMode":0,"name":"Shaded","section":"Shading Mode"},"sceneLighting":false,"audioPlay":false,"sceneViewState":{"showFog":true,"showMaterialUpdate":false,"showSkybox":false,"showFlares":true,"showImageEffects":true,"showParticleSystems":true},"in2DMode":false,"pivot":{"x":20.309873580932618,"y":1.0900001525878907,"z":-7.415693759918213},"rotation":{"x":0.47011151909828188,"y":0.010054401122033596,"z":-0.004151400178670883,"w":0.8828154802322388},"size":1.2247449159622193,"orthographic":false}