{"cameraMode":{"drawMode":0,"name":"Shaded","section":"Shading Mode"},"sceneLighting":false,"audioPlay":false,"sceneViewState":{"showFog":true,"showMaterialUpdate":false,"showSkybox":true,"showFlares":true,"showImageEffects":true,"showParticleSystems":true},"in2DMode":false,"pivot":{"x":235.9518280029297,"y":4.077355861663818,"z":47.32413864135742},"rotation":{"x":-0.046957675367593768,"y":0.6805506944656372,"z":-0.047772593796253207,"w":-0.7312673926353455},"size":30.883861541748048,"orthographic":false}