{"cameraMode":{"drawMode":0,"name":"Shaded","section":"Shading Mode"},"sceneLighting":false,"audioPlay":false,"sceneViewState":{"showFog":true,"showMaterialUpdate":false,"showSkybox":false,"showFlares":true,"showImageEffects":true,"showParticleSystems":true},"in2DMode":false,"pivot":{"x":24.53926658630371,"y":1.8096083402633668,"z":-16.664400100708009},"rotation":{"x":0.1303725689649582,"y":-0.34433043003082278,"z":0.04931999370455742,"w":0.9287059307098389},"size":1.2247449159622193,"orthographic":false}