{"cameraMode":{"drawMode":0,"name":"Shaded","section":"Shading Mode"},"sceneLighting":false,"audioPlay":false,"sceneViewState":{"showFog":true,"showMaterialUpdate":false,"showSkybox":true,"showFlares":true,"showImageEffects":true,"showParticleSystems":true},"in2DMode":false,"pivot":{"x":84.97434997558594,"y":-1.671640396118164,"z":14.772823333740235},"rotation":{"x":0.009203634224832058,"y":-0.9848079681396484,"z":0.10714174807071686,"w":0.14598923921585084},"size":33.18344497680664,"orthographic":false}