{"cameraMode":{"drawMode":0,"name":"Shaded","section":"Shading Mode"},"sceneLighting":false,"audioPlay":false,"sceneViewState":{"showFog":true,"showMaterialUpdate":false,"showSkybox":true,"showFlares":true,"showImageEffects":true,"showParticleSystems":true},"in2DMode":false,"pivot":{"x":234.47955322265626,"y":-12.766613960266114,"z":6.420348167419434},"rotation":{"x":0.007073052693158388,"y":0.7020454406738281,"z":-0.0020529120229184629,"w":-0.7140315771102905},"size":29.196666717529298,"orthographic":false}