{"cameraMode":{"drawMode":0,"name":"Shaded","section":"Shading Mode"},"sceneLighting":true,"audioPlay":false,"sceneViewState":{"showFog":true,"showMaterialUpdate":false,"showSkybox":true,"showFlares":true,"showImageEffects":true,"showParticleSystems":true},"in2DMode":false,"pivot":{"x":251.16087341308595,"y":-16.49985122680664,"z":103.70181274414063},"rotation":{"x":0.012726722285151482,"y":-0.8876526355743408,"z":0.03161570802330971,"w":0.46173202991485598},"size":4.450567722320557,"orthographic":false}