{"cameraMode":{"drawMode":0,"name":"Shaded","section":"Shading Mode"},"sceneLighting":false,"audioPlay":false,"sceneViewState":{"showFog":true,"showMaterialUpdate":false,"showSkybox":true,"showFlares":true,"showImageEffects":true,"showParticleSystems":true},"in2DMode":false,"pivot":{"x":32.19045639038086,"y":-15.213098526000977,"z":0.5563888549804688},"rotation":{"x":-0.48572638630867007,"y":-0.04402580112218857,"z":0.024503782391548158,"w":-0.8726632595062256},"size":16.82372283935547,"orthographic":false}