{"cameraMode":{"drawMode":0,"name":"Shaded","section":"Shading Mode"},"sceneLighting":true,"audioPlay":false,"sceneViewState":{"showFog":true,"showMaterialUpdate":false,"showSkybox":true,"showFlares":true,"showImageEffects":true,"showParticleSystems":true},"in2DMode":false,"pivot":{"x":-1.4513317346572877,"y":-0.5740190744400024,"z":-7.0599541664123539},"rotation":{"x":-0.10566588491201401,"y":0.026545727625489236,"z":-0.0030095260590314867,"w":-0.9941218495368958},"size":10.0,"orthographic":false}