{"cameraMode":{"drawMode":0,"name":"Shaded","section":"Shading Mode"},"sceneLighting":false,"audioPlay":false,"sceneViewState":{"showFog":true,"showMaterialUpdate":false,"showSkybox":true,"showFlares":true,"showImageEffects":true,"showParticleSystems":true},"in2DMode":false,"pivot":{"x":103.32549285888672,"y":0.5099999904632568,"z":55.94523620605469},"rotation":{"x":0.007073052693158388,"y":0.7020454406738281,"z":-0.0020529120229184629,"w":-0.7140315771102905},"size":2.649366617202759,"orthographic":false}